{"val_accuracy":0.510699987411499,"_wandb":{"runtime":5},"_timestamp":1.7728974111808007e+09,"best_val_loss":0.07103012502193451,"val_loss":0.07103012502193451,"epoch":0,"_runtime":5,"best_epoch":0,"loss":0.08052434772253036,"accuracy":0.35815000534057617,"_step":0}