{"best_val_loss":0.37598782777786255,"loss":0.3377501368522644,"best_epoch":2,"_step":2,"epoch":2,"_runtime":30,"val_loss":0.37598782777786255,"_timestamp":1.772899182660202e+09,"accuracy":0.8771833181381226,"val_accuracy":0.8607000112533569,"_wandb":{"runtime":30}}