{"_runtime":41,"loss":1.6356273889541626,"_step":2,"epoch":2,"_timestamp":1.772899279428821e+09,"accuracy":0.3263833224773407,"best_epoch":0,"val_loss":1.7805781364440918,"_wandb":{"runtime":41},"val_accuracy":0.28630000352859497,"best_val_loss":1.5478063821792603}