{"_wandb":{"runtime":12},"best_val_loss":0.09000004082918167,"val_loss":0.09000004827976227,"accuracy":0.0958833321928978,"_runtime":12,"loss":0.09000012278556824,"best_epoch":0,"_step":2,"val_accuracy":0.10000000149011612,"epoch":2,"_timestamp":1.7729004287161133e+09}