{"best_val_loss":0.0835004523396492,"_wandb":{"runtime":35},"_step":2,"accuracy":0.21718333661556244,"val_loss":0.09612424671649933,"epoch":2,"_timestamp":1.772898639924369e+09,"val_accuracy":0.10679999738931656,"loss":0.08922361582517624,"best_epoch":1,"_runtime":35}