{"_runtime":36,"best_val_loss":0.20900927484035492,"_wandb":{"runtime":36},"epoch":2,"val_accuracy":0.5752000212669373,"loss":0.2144835740327835,"best_epoch":2,"val_loss":0.20900927484035492,"_step":2,"_timestamp":1.7728978390915163e+09,"accuracy":0.5242166519165039}