{"val_accuracy":0.8061000108718872,"best_val_loss":0.6382646560668945,"best_epoch":1,"accuracy":0.8034833073616028,"_step":2,"_wandb":{"runtime":20},"val_loss":0.6810163259506226,"loss":0.6801631450653076,"_runtime":20,"epoch":2,"_timestamp":1.7729011807609959e+09}