{"val_loss":0.6480246782302856,"best_val_loss":0.6480246782302856,"best_epoch":2,"_timestamp":1.7729006081668813e+09,"_runtime":19,"val_accuracy":0.8090999722480774,"accuracy":0.7816500067710876,"loss":0.7226316928863525,"_step":2,"epoch":2,"_wandb":{"runtime":19}}