{"_timestamp":1.7729000676453857e+09,"accuracy":0.10000000149011612,"best_val_loss":0.09059065580368042,"best_epoch":2,"_runtime":28,"val_loss":0.09059065580368042,"epoch":2,"_wandb":{"runtime":28},"loss":0.0906967744231224,"val_accuracy":0.10000000149011612,"_step":2}