{"best_epoch":2,"_wandb":{"runtime":33},"val_accuracy":0.7818999886512756,"val_loss":0.8435096740722656,"_timestamp":1.772900929030633e+09,"accuracy":0.7518166899681091,"_step":2,"loss":0.9118601679801941,"epoch":2,"best_val_loss":0.8435096740722656,"_runtime":33}