{"train_acc":0.9932500123977661,"_wandb":{"runtime":157},"_step":10,"train_loss":0.02298339456319809,"test_accuracy":0.9781000018119812,"val_acc":0.9781000018119812,"_runtime":157,"val_loss":0.09010903537273407,"epoch":10,"_timestamp":1.7728996968194997e+09}