{"val_acc":0.970300018787384,"_step":10,"_runtime":120,"train_acc":0.9750333428382874,"epoch":10,"test_accuracy":0.970300018787384,"val_loss":0.09657246619462967,"_timestamp":1.7728990646340363e+09,"train_loss":0.0834035873413086,"_wandb":{"runtime":120}}