{"val_loss":2.5750510692596436,"best_epoch":1,"_timestamp":1.772898565862025e+09,"best_val_loss":2.4537384510040283,"_runtime":12,"epoch":2,"_step":2,"accuracy":0.5605833530426025,"_wandb":{"runtime":12},"loss":2.8606560230255127,"val_accuracy":0.5616999864578247}