{"_runtime":0,"_wandb":{"runtime":0},"_step":7,"acc":0.7691626448631006,"loss":0.2795304441707442,"_timestamp":1.7728839743622277e+09}