{"best_val_loss":0.18528980016708374,"epoch":2,"_timestamp":1.772898490826953e+09,"loss":0.19207975268363953,"val_loss":0.18528980016708374,"_step":2,"accuracy":0.6578999757766724,"val_accuracy":0.6646999716758728,"best_epoch":2,"_wandb":{"runtime":24},"_runtime":24}