{"val_accuracy":0.5013999938964844,"val_loss":1.6304595470428467,"_timestamp":1.7728988191657605e+09,"_wandb":{"runtime":17},"best_val_loss":1.6304595470428467,"_step":2,"epoch":2,"_runtime":17,"accuracy":0.45605000853538513,"best_epoch":2,"loss":1.699625015258789}