{"accuracy":0.09841666370630264,"_timestamp":1.7729013425916069e+09,"_runtime":14,"_wandb":{"runtime":14},"val_accuracy":0.10000000149011612,"_step":2,"best_val_loss":2.304988145828247,"best_epoch":0,"loss":2.3093838691711426,"epoch":2,"val_loss":2.318350315093994}