{"_timestamp":1.772899197147197e+09,"_step":10,"val_acc":0.968999981880188,"train_loss":0.08235549926757812,"train_acc":0.9761666655540466,"test_accuracy":0.968999981880188,"_runtime":128,"val_loss":0.09988918155431747,"_wandb":{"runtime":128},"epoch":10}