{"epoch":2,"val_accuracy":0.10000000149011612,"best_epoch":1,"_runtime":17,"_timestamp":1.772898922171418e+09,"_wandb":{"runtime":17},"accuracy":0.10088333487510681,"loss":2.303046941757202,"best_val_loss":2.3027987480163574,"_step":2,"val_loss":2.3028061389923096}