{"best_epoch":2,"_runtime":14,"_step":2,"val_accuracy":0.37299999594688416,"loss":0.17883320152759552,"val_loss":0.17146949470043182,"accuracy":0.3379666805267334,"epoch":2,"best_val_loss":0.17146949470043182,"_wandb":{"runtime":14},"_timestamp":1.7728978657798247e+09}