{"val_loss":0.09000394493341446,"_runtime":27,"_step":2,"epoch":2,"_timestamp":1.7728981211253922e+09,"best_val_loss":0.09000394493341446,"_wandb":{"runtime":27},"accuracy":0.09813333302736282,"best_epoch":2,"val_accuracy":0.10000000149011612,"loss":0.09000817686319351}