{"_runtime":25,"_wandb":{"runtime":25},"accuracy":0.8316666483879089,"_step":2,"val_accuracy":0.8237000107765198,"epoch":2,"_timestamp":1.7728983191796565e+09,"loss":0.05493130534887314,"best_val_loss":0.048146896064281464,"best_epoch":2,"val_loss":0.048146896064281464}