{"_runtime":6,"best_val_loss":1.6145713329315186,"best_epoch":0,"val_accuracy":0.5709999799728394,"_step":0,"epoch":0,"loss":2.0021469593048096,"_wandb":{"runtime":6},"accuracy":0.3988833427429199,"_timestamp":1.772897428300714e+09,"val_loss":1.6145713329315186}