{"best_val_loss":0.06210074946284294,"_step":2,"_timestamp":1.7728983778482065e+09,"accuracy":0.5370333194732666,"_runtime":29,"val_accuracy":0.6061999797821045,"best_epoch":2,"loss":0.06942643970251083,"epoch":2,"_wandb":{"runtime":29},"val_loss":0.06210074946284294}