{"best_val_loss":0.09000003337860107,"_wandb":{"runtime":49},"_step":2,"_timestamp":1.7728993418612235e+09,"best_epoch":0,"val_loss":0.09000005573034286,"accuracy":0.09691666811704636,"loss":0.09000106900930405,"val_accuracy":0.10000000149011612,"_runtime":49,"epoch":2}