{"_wandb":{"runtime":32},"_runtime":32,"loss":2.303597927093506,"val_accuracy":0.10000000149011612,"val_loss":2.303570032119751,"_step":2,"accuracy":0.10064999759197235,"best_epoch":0,"_timestamp":1.7729004705299633e+09,"epoch":2,"best_val_loss":2.3032798767089844}