{"val_loss":0.4811707139015198,"best_val_loss":0.4811707139015198,"_wandb":{"runtime":10},"_runtime":10,"val_accuracy":0.8592000007629395,"best_epoch":2,"epoch":2,"_timestamp":1.772898838301694e+09,"_step":2,"loss":0.46209827065467834,"accuracy":0.8690000176429749}