{"_wandb":{"runtime":34},"_timestamp":1.7728996927593634e+09,"best_val_loss":0.4606107473373413,"best_epoch":2,"loss":0.44985851645469666,"val_loss":0.4606107473373413,"_step":2,"val_accuracy":0.8348000049591064,"_runtime":34,"epoch":2,"accuracy":0.8381833434104919}