{"_timestamp":1.7729002044213834e+09,"_step":2,"val_loss":0.3493557274341583,"best_val_loss":0.3493557274341583,"best_epoch":2,"epoch":2,"_runtime":35,"accuracy":0.6517833471298218,"loss":0.4447510540485382,"_wandb":{"runtime":35},"val_accuracy":0.6503000259399414}