{"best_epoch":2,"val_accuracy":0.7430999875068665,"_step":2,"_timestamp":1.7729007257333128e+09,"best_val_loss":0.03432316333055496,"accuracy":0.7480000257492065,"loss":0.03293772414326668,"epoch":2,"_runtime":29,"_wandb":{"runtime":29},"val_loss":0.03432316333055496}