{"_timestamp":1.7729009597338033e+09,"best_val_loss":0.09002552926540375,"loss":0.09003788977861404,"best_epoch":1,"epoch":2,"val_accuracy":0.10000000149011612,"accuracy":0.09948333352804184,"_step":2,"_wandb":{"runtime":20},"_runtime":20,"val_loss":0.09004572778940201}