{"test_accuracy":0.9207000136375427,"_wandb":{"runtime":93},"_runtime":93,"train_acc":0.9157500267028809,"train_loss":0.2966369092464447,"val_acc":0.9207000136375427,"_timestamp":1.7728989401906898e+09,"_step":10,"epoch":10,"val_loss":0.27904579043388367}