{"_timestamp":1.7728994291697745e+09,"_step":2,"epoch":2,"_runtime":85,"val_loss":0.38136395812034607,"accuracy":0.8773666620254517,"_wandb":{"runtime":85},"loss":0.33180004358291626,"best_epoch":2,"val_accuracy":0.8593999743461609,"best_val_loss":0.38136395812034607}