{"_wandb":{"runtime":20},"_runtime":20,"loss":0.4799949824810028,"val_accuracy":0.8034999966621399,"accuracy":0.8267999887466431,"best_val_loss":0.48378363251686096,"best_epoch":1,"_timestamp":1.7728997968362763e+09,"_step":2,"epoch":2,"val_loss":0.5351874232292175}