{"loss":0.09481246769428253,"val_accuracy":0.10000000149011612,"val_loss":0.09471078217029572,"_timestamp":1.772901378666433e+09,"best_epoch":2,"_step":2,"epoch":2,"best_val_loss":0.09471078217029572,"_runtime":17,"_wandb":{"runtime":17},"accuracy":0.10000000149011612}