{"best_val_loss":0.04806118458509445,"_step":2,"_timestamp":1.7728985910271566e+09,"accuracy":0.751716673374176,"val_accuracy":0.7534000277519226,"val_loss":0.04806118458509445,"epoch":2,"best_epoch":2,"loss":0.04920234531164169,"_wandb":{"runtime":13},"_runtime":13}