{"epoch":2,"best_val_loss":1.084855079650879,"best_epoch":2,"_wandb":{"runtime":16},"_step":2,"_timestamp":1.7728984123444214e+09,"val_loss":1.084855079650879,"loss":1.1471190452575684,"accuracy":0.7036499977111816,"_runtime":16,"val_accuracy":0.7293000221252441}