{"val_accuracy":0.6840999722480774,"best_val_loss":0.8951642513275146,"_timestamp":1.7729008038457828e+09,"_wandb":{"runtime":31},"_runtime":31,"loss":1.0761970281600952,"_step":2,"accuracy":0.663016676902771,"best_epoch":1,"val_loss":0.9165061712265015,"epoch":2}