{"best_epoch":2,"_wandb":{"runtime":19},"accuracy":0.3366333246231079,"epoch":2,"_timestamp":1.7729013161913412e+09,"val_loss":0.09819050878286362,"loss":0.10552605241537094,"_runtime":19,"_step":2,"val_accuracy":0.3212999999523163,"best_val_loss":0.09819050878286362}