{"loss":2.311687707901001,"epoch":2,"_timestamp":1.7729006574091282e+09,"_wandb":{"runtime":32},"val_accuracy":0.10000000149011612,"accuracy":0.10026666522026062,"best_val_loss":2.3038291931152344,"best_epoch":1,"val_loss":2.3205502033233643,"_step":2,"_runtime":32}