{"_timestamp":1.7728995349039755e+09,"_runtime":180,"epoch":10,"_step":10,"train_acc":0.9923166632652283,"val_acc":0.9800999760627747,"val_loss":0.08316183090209961,"train_loss":0.02382231131196022,"test_accuracy":0.9800999760627747,"_wandb":{"runtime":180}}