{"val_accuracy":0.2791000008583069,"val_loss":1.6334376335144043,"epoch":2,"_timestamp":1.7728998655496297e+09,"best_val_loss":1.6334376335144043,"best_epoch":2,"accuracy":0.241183340549469,"loss":1.7395380735397339,"_wandb":{"runtime":13},"_step":2,"_runtime":13}