{"_step":10,"test_accuracy":0.9775999784469604,"_runtime":149,"val_loss":0.1300455629825592,"_wandb":{"runtime":149},"epoch":10,"_timestamp":1.7728993510616174e+09,"train_loss":0.039105482399463654,"val_acc":0.9775999784469604,"train_acc":0.9901833534240723}