{"_wandb":{"runtime":53},"accuracy":0.09915000200271606,"epoch":2,"_timestamp":1.7728990178968987e+09,"loss":0.09000211954116821,"val_accuracy":0.10000000149011612,"val_loss":0.09000047296285629,"_runtime":53,"_step":2,"best_val_loss":0.0900002121925354,"best_epoch":1}