{"best_epoch":0,"_runtime":17,"val_accuracy":0.10000000149011612,"_wandb":{"runtime":17},"val_loss":2.3037502765655518,"accuracy":0.10086666792631149,"_timestamp":1.7729006869289048e+09,"epoch":2,"best_val_loss":2.303392171859741,"_step":2,"loss":2.30366587638855}