{"val_accuracy":0.489300012588501,"accuracy":0.4422000050544739,"_step":2,"_wandb":{"runtime":14},"best_val_loss":1.3497576713562012,"_runtime":14,"best_epoch":2,"loss":1.3940438032150269,"val_loss":1.3497576713562012,"epoch":2,"_timestamp":1.7729004037720451e+09}